Title,Author,Publication.Year,Date,Journal,DOI,Sequencing,Biome,Variables,AlphaDiv,BetaDist,BetaOrd,Analysis
Effects of Physiochemical Factors on Prokaryotic Biodiversity in Malaysian Circumneutral Hot Springs,"Chan, Chia S.; Chan, Kok-Gan; Ee, Robson; Hong, Kar-Wai; Urbieta, Mar-A S.; Donati, Edgardo R.; Shamsir, Mohd S.; Goh, Kian M.",2017,7/6/17,FRONTIERS IN MICROBIOLOGY,10.3389/fmicb.2017.01252,16S sequencing,water,temperature,,,,
Long-Term Blackcurrant Supplementation Modified Gut Microbiome Profiles in Mice in an Age-Dependent Manner: An Exploratory Study,"Cao, Lei; Lee, Sang Gil; Melough, Melissa M.; Sakaki, Junichi R.; Maas, Kendra R.; Koo, Sung I.; Chun, Ock K.",2020,2020-02,NUTRIENTS,10.3390/nu12020290,16S sequencing,rodent gut,diet; treatment,,,,
Divergent Microbiota Dynamics along the Coastal Marine Ecosystem of Puerto Rico,"Louime, Clifford Jaylen; Vazquez-Sanchez, Frances; Derilus, Dieunel; Godoy-Vitorino, Filipa",2020,2020,MICROBIOLOGY RESEARCH,10.3390/microbiolres11020009,16S sequencing,water,longitudinal,,,,
Sputum microbiome temporal variability and dysbiosis in chronic obstructive pulmonary disease exacerbations: an analysis of the COPDMAP study,"Wang, Zhang; Singh, Richa; Miller, Bruce E.; Tal-Singer, Ruth; Van Horn, Stephanie; Tomsho, Lynn; Mackay, Alexander; Allinson, James P.; Webb, Adam J.; Brookes, Anthony J.; George, Leena M.; Barker, Bethan; Kolsum, Umme; Donnelly, Louise E.; Belchamber, Kylie; Barnes, Peter J.; Singh, Dave; Brightling, Christopher E.; Donaldson, Gavin C.; Wedzicha, Jadwiga A.; Brown, James R.; COPDMAP",2018,2018-04,THORAX,10.1136/thoraxjnl-2017-210741,16S sequencing,,,,,,
Anti-obesity effects of Chenpi: an artificial gastrointestinal system study,"Falduto, Maria; Smedile, Francesco; Zhang, Man; Zheng, Ting; Zhu, Jieyu; Huang, Qingrong; Weeks, Richard; Ermakov, Alexey M.; Chikindas, Michael L.",2022,2022-03,MICROBIAL BIOTECHNOLOGY,10.1111/1751-7915.14005,16S sequencing,,,,,,
The Microbiome Stress Project: Toward a Global Meta-Analysis of Environmental Stressors and Their Effects on Microbial Communities,"Rocca, Jennifer D.; Simonin, Marie; Blaszczak, Joanna R.; Ernakovich, Jessica G.; Gibbons, Sean M.; Midani, Firas S.; Washburne, Alex D.",2019,1/10/19,FRONTIERS IN MICROBIOLOGY,10.3389/fmicb.2018.03272,16S sequencing,human gut; soil,environmental,,,,
Microbiome of the upper nasal cavity of beef calves prior to weaning,"McDaneld, Tara G.; Kuehn, Larry A.; Keele, John W.",2019,2019-06,JOURNAL OF ANIMAL SCIENCE,10.1093/jas/skz119,16S sequencing,cattle nasal,disease,,,,
Environmental Filtering by pH and Salinity Jointly Drives Prokaryotic Community Assembly in Coastal Wetland Sediments,"Yu, Huang; Zhong, Qiuping; Peng, Yisheng; Zheng, Xiafei; Xiao, Fanshu; Wu, Bo; Yu, Xiaoli; Luo, Zhiwen; Shu, Longfei; Wang, Cheng; Yan, Qingyun; He, Zhili",2022,1/12/22,FRONTIERS IN MARINE SCIENCE,10.3389/fmars.2021.792294,16S sequencing,soil,pH; salinity,,,,
Wine Terroir and the Soil Bacteria: An Amplicon Sequencing-Based Assessment of the Barossa Valley and Its Sub-Regions,"Zhou, Jia; Cavagnaro, Timothy R.; De Bei, Roberta; Nelson, Tiffanie M.; Stephen, John R.; Metcalfe, Andrew; Gilliham, Matthew; Breen, James; Collins, Cassandra; Lopez, Carlos M. Rodriguez",2021,1/7/21,FRONTIERS IN MICROBIOLOGY,10.3389/fmicb.2020.597944,16S sequencing,soil,geography,,,,
Flow cytometry can reliably capture gut microbial composition in healthy adults as well as dysbiosis dynamics in patients with aggressive B-cell non-Hodgkin lymphoma,"Schmiester, Maren; Maier, Rene; Riedel, Rene; Durek, Pawel; Frentsch, Marco; Kolling, Stefan; Mashreghi, Mir-Farzin; Jenq, Robert; Zhang, Liangliang; Peterson, Christine B.; Bullinger, Lars; Chang, Hyun-Dong; Na, Il-Kang",2022,12/31/22,GUT MICROBES,10.1080/19490976.2022.2081475,16S sequencing,human gut,disease; longitudinal,,,,
Age and sex-associated variation in the multi-site microbiome of an entire social group of free-ranging rhesus macaques,"Janiak, Mareike C.; Montague, Michael J.; Villamil, Catalina I.; Stock, Michala K.; Trujillo, Amber E.; DePasquale, Allegra N.; Orkin, Joseph D.; Surratt, Samuel E. Bauman; Gonzalez, Olga; Platt, Michael L.; Martinez, Melween I.; Anton, Susan C.; Dominguez-Bello, Maria Gloria; Melin, Amanda D.; Higham, James P.",2021,3/22/21,MICROBIOME,10.1186/s40168-021-01009-w,16S sequencing,primate genitals; primate oral,age,,,,
Characterisation of the gut microbial community of rhesus macaques in high-altitude environments,"Wu, Yuhan; Yao, Yongfang; Dong, Mengmeng; Xia, Tianrui; Li, Diyan; Xie, Meng; Wu, Jiayun; Wen, Anxiang; Wang, Qin; Zhu, Guangxiang; Ni, Qingyong; Zhang, Mingwang; Xu, Huailiang",2020,3/26/20,BMC MICROBIOLOGY,10.1186/s12866-020-01747-1,16S sequencing,primate gut,,,,,
Contrast diversity patterns and processes of microbial community assembly in a river-lake continuum across a catchment scale in northwestern China,"Tang, Xiangming; Xie, Guijuan; Shao, Keqiang; Hu, Yang; Cai, Jian; Bai, Chengrong; Gong, Yi; Gao, Guang",2020,4/25/20,ENVIRONMENTAL MICROBIOME,10.1186/s40793-020-00356-9,16S sequencing,water,salinity,,,,
Air and waterborne microbiome of a pharmaceutical plant provide insights on spatiotemporal variations and community resilience after disturbance,"Pacchioni, Filippo; Esposito, Alfonso; Giacobazzi, Elisabetta; Bettua, Clotilde; Struffi, Paolo; Jousson, Olivier",2018,10/3/18,BMC MICROBIOLOGY,10.1186/s12866-018-1267-8,16S sequencing,,built environment,,,,
The regional diversity of gut microbiome along the GI tract of male C57BL/6 mice,"Lkhagva, Enkhchimeg; Chung, Hea-Jong; Hong, Jinny; Tang, Wai Hong Wilson; Lee, Sang-Il; Hong, Seong-Tshool; Lee, Seungkoo",2021,2/12/21,BMC MICROBIOLOGY,10.1186/s12866-021-02099-0,16S sequencing,rodent gut,,,,,
Bladder Microbiota Are Associated with Clinical Conditions That Extend beyond the Urinary Tract,"Hrbacek, Jan; Tlaskal, Vojtech; Cermak, Pavel; Hanacek, Vitezslav; Zachoval, Roman",2022,2022-05,MICROORGANISMS,10.3390/microorganisms10050874,16S sequencing,human urine,antibiotics; disease; disorder,,,,
Belowground microbial communities respond to water deficit and are shaped by decades of maize hybrid breeding,"Wang, Peng; Marsh, Ellen L.; Kruger, Greg; Lorenz, Aaron; Schachtman, Daniel P.",2020,2020-03,ENVIRONMENTAL MICROBIOLOGY,10.1111/1462-2920.14701,16S sequencing,,,,,,
Insights from shotgun metagenomics into bacterial species and metabolic pathways associated with NAFLD in obese youth,"Testerman, Todd; Li, Zhongyao; Galuppo, Brittany; Graf, Joerg; Santoro, Nicola",NA,,HEPATOLOGY COMMUNICATIONS,10.1002/hep4.1944,shotgun sequencing,,,,,,
"Impacts of land-use and management histories of maize fields on the structure, composition, and metabolic potentials of microbial communities","Chukwuneme, Chinenyenwa Fortune; Ayangbenro, Ayansina Segun; Babalola, Olubukola Oluranti",2021,2021-12,CURRENT PLANT BIOLOGY,10.1016/j.cpb.2021.100228,shotgun sequencing,soil,environmental; land-use,,,,
Pilot Sub-Study of the Effect of Hepatitis C Cure by Glecaprevir/Pibrentasvir on the Gut Microbiome of Patients with Chronic Hepatitis C Genotypes 1 to 6 in the Mythen Study,"Yilmaz, Bahtiyar; Ruckstuhl, Lisa; Mullhaupt, Beat; Magenta, Lorenzo; Kuster, Melanie Harrer; Clerc, Olivier; Torgler, Ralph; Semmo, Nasser",2021,2021-09,PHARMACEUTICALS,10.3390/ph14090931,16S sequencing,human gut,antivirals; disease,,,,
Assessing saliva microbiome collection and processing methods,"Armstrong, Abigail J. S.; Parmar, Veenat; Blaser, Martin J.",2021,11/18/21,NPJ BIOFILMS AND MICROBIOMES,10.1038/s41522-021-00254-z,16S sequencing; shotgun sequencing,,,,,,
Gut microbiome composition of wild western lowland gorillas is associated with individual age and sex factors,"Pafco, Barbora; Sharma, Ashok K.; Petrzelkova, Klara J.; Vlckova, Klara; Todd, Angelique; Yeoman, Carl J.; Wilson, Brenda A.; Stumpf, Rebecca; White, Bryan A.; Nelson, Karen E.; Leigh, Steven; Gomez, Andres",2019,2019-07,AMERICAN JOURNAL OF PHYSICAL ANTHROPOLOGY,10.1002/ajpa.23842,16S sequencing,primate gut,age,,,,
Squash root microbiome transplants and metagenomic inspection for in situ arid adaptations,"Hernandez-Alvarez, Cristobal; Garcia-Oliva, Felipe; Cruz-Ortega, Rocio; Romero, Miguel F.; Barajas, Hugo R.; Pinero, Daniel; Alcaraz, Luis D.",2022,1/20/22,SCIENCE OF THE TOTAL ENVIRONMENT,10.1016/j.scitotenv.2021.150136,16S sequencing; shotgun sequencing,root,pH,,,,
Impact of Soil Microbes and Oxygen Availability on Bacterial Community Structure of Decomposing Poultry Carcasses,"Miguel, Michelle A.; Kim, Seon-Ho; Lee, Sang-Suk; Cho, Yong-Il",2021,2021-10,ANIMALS,10.3390/ani11102937,16S sequencing,carcass decomposition; soil,,,,,
Changes in Lake Sturgeon Gut Microbiomes Relative to Founding Origin and in Response to Chemotherapeutant Treatments,"Razak, Shairah Abdul; Bauman, John M.; Marsh, Terence L.; Scribner, Kim T.",2022,2022-05,MICROORGANISMS,10.3390/microorganisms10051005,16S sequencing,fish gut,environmental,,,,
The Ocular Microbiome Is Altered by Sampling Modality and Age,"Katzka, William; Dong, Tien S.; Luu, Kayti; Lagishetty, Venu; Sedighian, Farzaneh; Arias-Jayo, Nerea; Jacobs, Jonathan P.; Hsu, Hugo Y.",2021,2021-10,TRANSLATIONAL VISION SCIENCE & TECHNOLOGY,10.1167/tvst.10.12.24,16S sequencing,human ocular,sampling methods,,,,
To Probiotic or Not to Probiotic: A Metagenomic Comparison of the Discharge Gut Microbiome of Infants Supplemented With Probiotics in NICU and Those Who Are Not,"Westaway, Jacob A. F.; Huerlimann, Roger; Kandasamy, Yoga; Miller, Catherine M.; Norton, Robert; Watson, David; Infante-Vilamil, Sandra; Rudd, Donna",2022,3/7/22,FRONTIERS IN PEDIATRICS,10.3389/fped.2022.838559,16S sequencing; shotgun sequencing,human gut,probiotics,,,,
Habitats Show More Impacts Than Host Species in Shaping Gut Microbiota of Sympatric Rodent Species in a Fragmented Forest,"Teng, Yuwei; Yang, Xifu; Li, Guoliang; Zhu, Yunlong; Zhang, Zhibin",2022,2/7/22,FRONTIERS IN MICROBIOLOGY,10.3389/fmicb.2022.811990,16S sequencing,rodent gut,diet; environmental,,,,
"Microbiome profiling of the onion thrips, Thrips tabaci Lindeman (Thysanoptera: Thripidae)","Gawande, Suresh J.; Anandhan, Sivalingam; Ingle, Ashish; Roylawar, Praveen; Khandagale, Kiran; Gawai, Tushar; Jacobson, Alana; Asokan, Ramasamy; Singh, Major",2019,9/30/19,PLOS ONE,10.1371/journal.pone.0223281,16S sequencing,,,,,,
Microbiomes in drinking water treatment and distribution: A meta-analysis from source to tap,"Thom, Claire; Smith, Cindy J.; Moore, Graeme; Weir, Paul; Ijaz, Umer Z.",2022,4/1/22,WATER RESEARCH,10.1016/j.watres.2022.118106,16S sequencing,water,treatment,,,,
Subspecies Niche Specialization in the Oral Microbiome Is Associated with Nasopharyngeal Carcinoma Risk,"Debelius, Justine W.; Huang, Tingting; Cai, Yonglin; Ploner, Alexander; Barrett, Donal; Zhou, Xiaoying; Xiao, Xue; Li, Yancheng; Liao, Jian; Zheng, Yuming; Huang, Guangwu; Adami, Hans-Olov; Zeng, Yi; Zhang, Zhe; Ye, Weimin",2020,2020-08,MSYSTEMS,10.1128/mSystems.00065-20,16S sequencing,human oral,disease,,,,
The Koala (Phascolarctos cinereus) faecal microbiome differs with diet in a wild population,"Brice, Kylie L.; Trivedi, Pankaj; Jeffries, Thomas C.; Blyton, Michaela D. J.; Mitchell, Christopher; Singh, Brajesh K.; Moore, Ben D.",2019,4/1/19,PEERJ,10.7717/peerj.6534,16S sequencing,marsupial gut,diet,,,,
Composition and Functions of the Gut Microbiome in Pediatric Obesity: Relationships with Markers of Insulin Resistance,"Orsso, Camila E.; Peng, Ye; Deehan, Edward C.; Tan, Qiming; Field, Catherine J.; Madsen, Karen L.; Walter, Jens; Prado, Carla M.; Tun, Hein M.; Haqq, Andrea M.",2021,2021-07,MICROORGANISMS,10.3390/microorganisms9071490,shotgun sequencing,human gut,adiposity,,,,
Reduced production of the major allergens Bla g 1 and Bla g 2 in Blattella germanica after antibiotic treatment,"Lee, Seogwon; Kim, Ju Yeong; Yi, Myung-Hee; Lee, In-Yong; Yong, Dongeun; Yong, Tai-Soon",2021,11/23/21,PLOS ONE,10.1371/journal.pone.0257114,16S sequencing,,,,,,
Changes in the gut microbiome community of nonhuman primates following radiation injury,"Kalkeri, Raj; Walters, Kevin; Van der Pol, William; McFarland, Braden C.; Fisher, Nathan; Koide, Fusataka; Morrow, Casey D.; Singh, Vijay K.",2021,3/29/21,BMC MICROBIOLOGY,10.1186/s12866-021-02146-w,16S sequencing,primate gut,disorder,,,,
"Associations between Maternal Diet, Body Composition and Gut Microbial Ecology in Pregnancy","Ruebel, Meghan L.; Gilley, Stephanie P.; Sims, Clark R.; Zhong, Ying; Turner, Donald; Chintapalli, Sree V.; Piccolo, Brian D.; Andres, Aline; Shankar, Kartik",2021,2021-09,NUTRIENTS,10.3390/nu13093295,16S sequencing,human gut,adiposity; diet; medical condition,,,,
"Microbial Profiles of Retail Pacific Oysters (Crassostrea gigas) From Guangdong Province, China","Yu, Mingjia; Wang, Xiaobo; Yan, Aixian",2021,7/7/21,FRONTIERS IN MICROBIOLOGY,10.3389/fmicb.2021.689520,16S sequencing,oysters,geography,,,,
Longitudinal Survey of Fecal Microbiota in Healthy Dogs Administered a Commercial Probiotic,"Ciaravolo, Susan; Martinez-Lopez, Lina Maria; Allcock, Richard J. N.; Woodward, Andrew P.; Mansfield, Caroline",2021,6/21/21,FRONTIERS IN VETERINARY SCIENCE,10.3389/fvets.2021.664318,16S sequencing,canine gut,longitudinal; probiotics,,,,
Subgingival Microbiome in Pregnancy and a Potential Relationship to Early Term Birth,"Yang, Irene; Claussen, Henry; Arthur, Robert Adam; Hertzberg, Vicki Stover; Geurs, Nicolaas; Corwin, Elizabeth J.; Dunlop, Anne L.",2022,5/11/22,FRONTIERS IN CELLULAR AND INFECTION MICROBIOLOGY,10.3389/fcimb.2022.873683,16S sequencing,human oral,disease,,,,
Plant community and soil conditions individually affect soil microbial community assembly in experimental mesocosms,"Reese, Aspen T.; Lulow, Kyrstin; David, Lawrence A.; Wright, Justin P.",2018,2018-01,ECOLOGY AND EVOLUTION,10.1002/ece3.3734,16S sequencing,soil,,OTU richness; Shannon Index,Bray-Curtis dissimilarity,,
"Comparative Analysis of the Fecal Microbiota of Relict Gull (Larus relictus) in Mu Us Desert (Hao Tongcha Nur) and Bojiang Haizi in Inner Mongolia, China","Liu, Li; Du, Chao; Liu, Yunpeng; Gao, Li",2022,4/6/22,FRONTIERS IN VETERINARY SCIENCE,10.3389/fvets.2022.860540,16S sequencing,bird gut,,,,,
Alien vs. predator: bacterial challenge alters coral microbiomes unless controlled by Halobacteriovorax predators,"Welsh, Rory M.; Rosales, Stephanie M.; Zaneveld, Jesse R.; Payet, Jerome P.; McMinds, Ryan; Hubbs, Steven L.; Thurber, Rebecca L. Vega",2017,5/31/17,PEERJ,10.7717/peerj.3315,16S sequencing,coral,longitudinal,,,,
Gut microbiota composition is associated with narcolepsy type 1,"Lecomte, Alexandre; Barateau, Lucie; Pereira, Pedro; Paulin, Lars; Auvinen, Petri; Scheperjans, Filip; Dauvilliers, Yves",2020,2020-11,NEUROLOGY-NEUROIMMUNOLOGY & NEUROINFLAMMATION,10.1212/NXI.0000000000000896,16S sequencing,,,,,,
Effect of soil horizon stratigraphy on the microbial ecology of alpine paleosols,"Young, Jonathan M.; Skvortsov, Timofey; Kelleher, Brian P.; Mahaney, William C.; Somelar, Peeter; Allen, Christopher C. R.",2019,3/20/19,SCIENCE OF THE TOTAL ENVIRONMENT,10.1016/j.scitotenv.2018.11.442,shotgun sequencing,,,,,,
Variations of Gut Microbiome Profile Under Different Storage Conditions and Preservation Periods: A Multi-Dimensional Evaluation,"Ma, Junli; Sheng, Lili; Hong, Ying; Xi, Chuchu; Gu, Yu; Zheng, Ningning; Li, Mengci; Chen, Linlin; Wu, Gaosong; Li, Yue; Yan, Juan; Han, Ruiting; Li, Bingbing; Qiu, Huihui; Zhong, Jing; Jia, Wei; Li, Houkai",2020,5/27/20,FRONTIERS IN MICROBIOLOGY,10.3389/fmicb.2020.00972,16S sequencing,human gut,sampling methods,,,,
Association between the oral microbiome and brain resting state connectivity in smokers,"Lin, Dongdong; Hutchison, Kent E.; Portillo, Salvador; Vegara, Victor; Ellingson, Jarrod M.; Liu, Jingyu; Krauter, Kenneth S.; Carroll-Portillo, Amanda; Calhoun, Vince D.",2019,10/15/19,NEUROIMAGE,10.1016/j.neuroimage.2019.06.023,16S sequencing,human oral,gut-brain axis,,,,
Loss of Health Promoting Bacteria in the Gastrointestinal Microbiome of PICU Infants with Bronchiolitis: A Single-Center Feasibility Study,"Russell, Madeleine M.; Leimanis-Laurens, Mara L.; Bu, Sihan; Kinney, Gigi A.; Teoh, Shao Thing; McKee, Ruth-Anne L.; Ferguson, Karen; Winters, John W.; Lunt, Sophia Y.; Prokop, Jeremy W.; Rajasekaran, Surender; Comstock, Sarah S.",2022,2022-01,CHILDREN-BASEL,10.3390/children9010114,16S sequencing,human gut,antibiotics; diet,,,,
Gut Microbial Diversity in Female Patients With Invasive Mole and Choriocarcinoma and Its Differences Versus Healthy Controls,"Liu, Xiaomei; Pan, Xue; Liu, Hao; Ma, Xiaoxin",2021,8/26/21,FRONTIERS IN CELLULAR AND INFECTION MICROBIOLOGY,10.3389/fcimb.2021.704100,16S sequencing,human gut,disease,,,,
Diversity structure of the microbial communities in the guts of four neotropical termite species,"Vikram, Surendra; Arneodo, Joel D.; Calcagno, Javier; Ortiz, Maximiliano; Mon, Maria Laura; Etcheverry, Clara; Cowan, Don A.; Talia, Paola",2021,4/7/21,PEERJ,10.7717/peerj.10959,16S sequencing,termite gut,,,,,
Association of the Salivary Microbiome With Animal Contact During Early Life and Stress-Induced Immune Activation in Healthy Participants,"Langgartner, Dominik; Zambrano, Cristian A.; Heinze, Jared D.; Stamper, Christopher E.; Boebel, Till S.; Hackl, Sascha B.; Jarczok, Marc N.; Rohleder, Nicolas; Rook, Graham A.; Guendel, Harald; Waller, Christiane; Lowry, Christopher A.; Reber, Stefan O.",2020,5/7/20,FRONTIERS IN PSYCHIATRY,10.3389/fpsyt.2020.00353,16S sequencing,human oral,built environment; geography; gut-brain axis,,,,
Temporal Dynamics of the Sap Microbiome of Grapevine Under High Pierce's Disease Pressure,"Deyett, Elizabeth; Rolshausen, Philippe E.",2019,10/4/19,FRONTIERS IN PLANT SCIENCE,10.3389/fpls.2019.01246,16S sequencing,grapes,disease,,,,
Clinical Efficacy and Microbiome Changes Following Fecal Microbiota Transplantation in Children With Recurrent Clostridium Difficile Infection,"Li, Xiaolu; Gao, Xuefeng; Hui, Hui; Xiao, Yongmei; Li, Dan; Yu, Guangjun; Yu, Dongbao; Zhang, Ting; Wang, Yizhong",2018,11/2/18,FRONTIERS IN MICROBIOLOGY,10.3389/fmicb.2018.02622,16S sequencing,human gut,disease; treatment,,,,
The Gut Microbiome of Heart Failure With Preserved Ejection Fraction,"Beale, Anna L.; O'Donnell, Joanne A.; Nakai, Michael E.; Nanayakkara, Shane; Vizi, Donna; Carter, Kaye; Dean, Eliza; Ribeiro, Rosilene, V; Yiallourou, Stephanie; Carrington, Melinda J.; Marques, Francine Z.; Kaye, David M.",2021,7/6/21,JOURNAL OF THE AMERICAN HEART ASSOCIATION,10.1161/JAHA.120.020654,16S sequencing,human gut,disease,,,,
Deforestation decreases spatial turnover and alters the network interactions in soil bacterial communities,"Tian, Jing; He, Nianpeng; Kong, Weidong; Deng, Ye; Feng, Kai; Green, Sophie M.; Wang, Xiaobo; Zhou, Jizhong; Kuzyakov, Yakov; Yu, Guirui",2018,2018-08,SOIL BIOLOGY & BIOCHEMISTRY,10.1016/j.soilbio.2018.05.007,16S sequencing,soil,geography,,,,
Prenatal and Peripartum Exposure to Antibiotics and Cesarean Section Delivery Are Associated with Differences in Diversity and Composition of the Infant Meconium Microbiome,"Wong, Wendy S. W.; Sabu, Priya; Deopujari, Varsha; Levy, Shira; Shah, Ankit A.; Clemency, Nicole; Provenzano, Marina; Saadoon, Reem; Munagala, Akhil; Baker, Robin; Baveja, Rajiv; Mueller, Noel T.; Dominguez-Bello, Maria Gloria; Huddleston, Kathi; Niederhuber, John E.; Hourigan, Suchitra K.",2020,2020-02,MICROORGANISMS,10.3390/microorganisms8020179,16S sequencing,human gut,antibiotics; birth mode,,,,
Distinct mucosal microbial communities in infants with surgical necrotizing enterocolitis correlate with age and antibiotic exposure,"Romano-Keeler, Joann; Shilts, Meghan H.; Tovchigrechko, Andrey; Wang, Chunlin; Brucker, Robert M.; Moore, Daniel J.; Fonnesbeck, Christopher; Meng, Shufang; Correa, Hernan; Lovvorn, Harold N., III; Tang, Yi-Wei; Hooper, Lora; Bordenstein, Seth R.; Das, Suman R.; Weitkamp, Jorn-Hendrik",2018,10/26/18,PLOS ONE,10.1371/journal.pone.0206366,16S sequencing,,,,,,
A global microbiome survey of vineyard soils highlights the microbial dimension of viticultural terroirs,"Gobbi, Alex; Acedo, Alberto; Imam, Nabeel; Santini, Rui G.; Ortiz-Alvarez, Rudiger; Ellegaard-Jensen, Lea; Belda, Ignacio; Hansen, Lars H.",2022,3/18/22,COMMUNICATIONS BIOLOGY,10.1038/s42003-022-03202-5,16S sequencing,soil,geography,,,,
PULMONARY MICROBIOME OF PATIENTS RECEIVING MECHANICAL VENTILATION: CHANGES OVER TIME,"Sole, Mary Lou; Yooseph, Shibu; Talbert, Steven; Abomoelak, Bassam; Deb, Chirajyoti; Rathbun, Kimberly Paige; Penoyer, Daleen; Middleton, Aurea; Mehta, Devendra",2021,2021-03,AMERICAN JOURNAL OF CRITICAL CARE,10.4037/ajcc2021194,16S sequencing,,,,,,
Monitoring the variation in the gut microbiota of captive woolly monkeys related to changes in diet during a reintroduction process,"Quiroga-Gonzalez, Camilo; Cardenas, Luis Alberto Chica; Ramirez, Monica; Reyes, Alejandro; Gonzalez, Camila; Stevenson, Pablo R.",2021,3/22/21,SCIENTIFIC REPORTS,10.1038/s41598-021-85990-0,16S sequencing,,,,,,
Phylogeny- and Abundance-Based Metrics Allow for the Consistent Comparison of Core Gut Microbiome Diversity Indices Across Host Species,"Risely, Alice; Gillingham, Mark A. F.; Bechet, Arnaud; Brandel, Stefan; Heni, Alexander C.; Heurich, Marco; Menke, Sebastian; Manser, Marta B.; Tschapka, Marco; Wasimuddin; Sommer, Simone",2021,5/11/21,FRONTIERS IN MICROBIOLOGY,10.3389/fmicb.2021.659918,16S sequencing,human gut,,,,,
The characteristics of gut microbiota and commensal Enterobacteriaceae isolates in tree shrew (Tupaia belangeri),"Gu, Wenpeng; Tong, Pinfen; Liu, Chenxiu; Wang, Wenguang; Lu, Caixia; Han, Yuanyuan; Sun, Xiaomei; Kuang, De Xuan; Li, Na; Dai, Jiejie",2019,9/2/19,BMC MICROBIOLOGY,10.1186/s12866-019-1581-9,16S sequencing,bird gut,,,,,
Dietary inflammatory potential in relation to the gut microbiome: results from a cross-sectional study,"Zheng, Jiali; Hoffman, Kristi L.; Chen, Jiun-Sheng; Shivappa, Nitin; Sood, Akhil; Browman, Gladys J.; Dirba, Danika D.; Hanash, Samir; Wei, Peng; Hebert, James R.; Petrosino, Joseph F.; Schembre, Susan M.; Daniel, Carrie R.",2020,11/14/20,BRITISH JOURNAL OF NUTRITION,10.1017/S0007114520001853,16S sequencing,human gut,diet,,,,
Analysis of Postmortem Intestinal Microbiota Successional Patterns with Application in Postmortem Interval Estimation,"Liu, Ruina; Wang, Qi; Zhang, Kai; Wu, Hao; Wang, Gongji; Cai, Wumin; Yu, Kai; Sun, Qinru; Fan, Shuanliang; Wang, Zhenyuan",NA,,MICROBIAL ECOLOGY,10.1007/s00248-021-01923-4,16S sequencing,rodent gut,decomposition; longitudinal,,,,
Salivary Oral Microbiome of Children With Juvenile Idiopathic Arthritis: A Norwegian Cross-Sectional Study,"Frid, Paula; Baraniya, Divyashri; Halbig, Josefine; Rypdal, Veronika; Songstad, Nils Thomas; Rosen, Annika; Berstad, Johanna Rykke; Flato, Berit; Alakwaa, Fadhl; Gil, Elisabeth Grut; Cetrelli, Lena; Chen, Tsute; Al-Hebshi, Nezar Noor; Nordal, Ellen; Al-Haroni, Mohammed; Study-Imaging, NorJIA Norwegian JIA",2020,11/4/20,FRONTIERS IN CELLULAR AND INFECTION MICROBIOLOGY,10.3389/fcimb.2020.602239,16S sequencing,human oral,,,,,
Stochastic Dispersal Rather Than Deterministic Selection Explains the Spatio-Temporal Distribution of Soil Bacteria in a Temperate Grassland,"Richter-Heitmann, Tim; Hofner, Benjamin; Krah, Franz-Sebastian; Sikorski, Johannes; Wuest, Pia K.; Bunk, Boyke; Huang, Sixing; Regan, Kathleen M.; Berner, Doreen; Boeddinghaus, Runa S.; Marhan, Sven; Prati, Daniel; Kandeler, Ellen; Overmann, Joerg; Friedrich, Michael W.",2020,6/30/20,FRONTIERS IN MICROBIOLOGY,10.3389/fmicb.2020.01391,16S sequencing,soil,longitudinal; spatial,,,,
A 4-Week Diet Low or High in Advanced Glycation Endproducts Has Limited Impact on Gut Microbial Composition in Abdominally Obese Individuals: The deAGEing Trial,"Linkens, Armand M. A.; van Best, Niels; Niessen, Petra M.; Wijckmans, Nicole E. G.; de Goei, Erica E. C.; Scheijen, Jean L. J. M.; van Dongen, Martien C. J. M.; van Gool, Christel C. J. A. W.; de Vos, Willem M.; Houben, Alfons J. H. M.; Stehouwer, Coen D. A.; Eussen, Simone J. M. P.; Penders, John; Schalkwijk, Casper G.",2022,2022-05,INTERNATIONAL JOURNAL OF MOLECULAR SCIENCES,10.3390/ijms23105328,16S sequencing,human gut,disease,,,,
Bacterioplankton Richness and Composition in a Seasonal Urban River,"Xiao, Zufei; Li, Gang; Zhao, Yi; Xiao, Keqing; Chen, Qinglin; Bao, Peng; Tang, Jianfeng; Ruan, Tian; Zama, Eric Fru; Xu, Yaoyang",2021,10/29/21,FRONTIERS IN ENVIRONMENTAL SCIENCE,10.3389/fenvs.2021.731227,16S sequencing,water,seasons,,,,
Comparison of the gut microbiome composition among individuals with acute or long-standing spinal cord injury vs. able-bodied controls,"Li, Jia; Van Der Pol, William; Eraslan, Mualla; McLain, Amie; Cetin, Hatice; Cetin, Baris; Morrow, Casey; Carson, Tiffany; Yarar-Fisher, Ceren",2022,1/2/22,JOURNAL OF SPINAL CORD MEDICINE,10.1080/10790268.2020.1769949,16S sequencing,human gut,disorder,,,,
Diversity and composition of intertidal gastropod microbiomes across a major marine biogeographic boundary,"Neu, Alexander T.; Allen, Eric E.; Roy, Kaustuv",2019,2019-06,ENVIRONMENTAL MICROBIOLOGY REPORTS,10.1111/1758-2229.12743,16S sequencing,,,,,,
Microbial community structures in high rate algae ponds for bioconversion of agricultural wastes from livestock industry for feed production,"Ibekwe, A. Mark; Murinda, Shelton E.; Murry, Marcia A.; Schwartz, Gregory; Lundquist, Trygve",2017,2/15/17,SCIENCE OF THE TOTAL ENVIRONMENT,10.1016/j.scitotenv.2016.12.076,16S sequencing,algae,,,,,
Microbial and metabolic succession on common building materials under high humidity conditions,"Lax, Simon; Cardona, Cesar; Zhao, Dan; Winton, Valerie J.; Goodney, Gabriel; Gao, Peng; Gottel, Neil; Hartmann, Erica M.; Henry, Chris; Thomas, Paul M.; Kelley, Scott T.; Stephens, Brent; Gilbert, Jack A.",2019,4/16/19,NATURE COMMUNICATIONS,10.1038/s41467-019-09764-z,16S sequencing,,,,,,
Evaluation of the bacterial ocular surface microbiome in ophthalmologically normal dogs prior to and following treatment with topical neomycin-polymyxin-bacitracin,"Rogers, Callie M.; Scott, Erin M.; Sarawichitr, Benjamin; Arnold, Carolyn; Suchodolski, Jan S.",2020,6/9/20,PLOS ONE,10.1371/journal.pone.0234313,16S sequencing,,,,,,
Geographical separation and physiology drive differentiation of microbial communities of two discrete populations of the bat Leptonycteris yerbabuenae,"Gaona, Osiris; Cerqueda-Garcia, Daniel; Moya, Andres; Neri-Barrios, Ximena; Falcon, Luisa I.",2020,2020-06,MICROBIOLOGYOPEN,10.1002/mbo3.1022,16S sequencing,bat gut,geography,,,,
Early-life gut dysbiosis linked to juvenile mortality in ostriches,"Videvall, Elin; Song, Se Jin; Bensch, Hanna M.; Strandh, Maria; Engelbrecht, Anel; Serfontein, Naomi; Hellgren, Olof; Olivier, Adriaan; Cloete, Schalk; Knight, Rob; Cornwallis, Charlie K.",2020,10/12/20,MICROBIOME,10.1186/s40168-020-00925-7,16S sequencing,ostrich gut,disease,,,,
Gut microbial diversity and genus-level differences identified in cervical cancer patients versus healthy controls,"Sims, Travis T.; Colbert, Lauren E.; Zheng, Jiali; Medrano, Andrea Y. Delgado; Hoffman, Kristi L.; Ramondetta, Lois; Jazaeri, Amir; Jhingran, Anuja; Schmeler, Kathleen M.; Daniel, Carrie R.; Klopp, Ann",2019,2019-11,GYNECOLOGIC ONCOLOGY,10.1016/j.ygyno.2019.09.002,16S sequencing,human gut,disease,,,,
Temporal and region-specific effects of sleep fragmentation on gut microbiota and intestinal morphology in Sprague Dawley rats,"Triplett, Judy; Ellis, David; Braddock, Amber; Roberts, Erin; Ingram, Katherine; Perez, Eric; Short, Amanda; Brown, Dominique; Hutzley, Victoria; Webb, Chelsey; Soto, Armando; Chan, Victor",2020,2020,GUT MICROBES,10.1080/19490976.2019.1701352,16S sequencing,rodent gut,treatment,,,,
Cecal versus fecal microbiota in Ossabaw swine and implications for obesity,"Panasevich, Matthew R.; Wankhade, Umesh D.; Chintapalli, Sree, V; Shankar, Kartik; Rector, R. Scott",2018,2018-05,PHYSIOLOGICAL GENOMICS,10.1152/physiolgenomics.00110.2017,16S sequencing,pig gut,medical condition,,,,
Reproductive tract microbiota of women in childbearing age shifts upon gynecological infections and menstrual cycle,"Cheng, Lijuan; Gao, Yan; Xia, Qing; Wang, Hui; Xie, Xiuzhen; Liu, Yurong; Shang, Heying; Diao, Yutao",2021,9/21/21,BMC MICROBIOLOGY,10.1186/s12866-021-02300-4,16S sequencing,human vagina,,,,,
Effect of intestinal microecology on postnatal weight gain in very preterm infants in intensive care units,"Ding, Ying-Xue; Wang, Shou-Ni; Cui, Hong; Jiang, Li-Na",2021,8/2/21,GUT PATHOGENS,10.1186/s13099-021-00445-1,16S sequencing,human gut,disorder,,,,
Effect of Levodopa Initiation on the Gut Microbiota in Parkinson's Disease,"Palacios, Natalia; Hannoun, Anas; Flahive, Julie; Ward, Doyle; Goostrey, Kelsey; Deb, Anindita; Smith, Kara M.",2021,3/4/21,FRONTIERS IN NEUROLOGY,10.3389/fneur.2021.574529,16S sequencing,human gut,disease; gut-brain axis; treatment,,,,
Family SES Is Associated with the Gut Microbiome in Infants and Children,"Lewis, Candace R.; Bonham, Kevin S.; McCann, Shelley Hoeft; Volpe, Alexandra R.; D'Sa, Viren; Naymik, Marcus; De Both, Matt D.; Huentelman, Matthew J.; Lemery-Chalfant, Kathryn; Highlander, Sarah K.; Deoni, Sean C. L.; Klepac-Ceraj, Vanja",2021,2021-08,MICROORGANISMS,10.3390/microorganisms9081608,shotgun sequencing,human gut,socioeconomic,,,,
Consistent alterations in faecal microbiomes of patients with primary sclerosing cholangitis independent of associated colitis,"Ruehlemann, Malte; Liwinski, Timur; Heinsen, Femke-Anouska; Bang, Corinna; Zenouzi, Roman; Kummen, Martin; Thingholm, Louise; Tempel, Marie; Lieb, Wolfgang; Karlsen, Tom; Lohse, Ansgar; Hov, Johannes; Denk, Gerald; Lammert, Frank; Krawczyk, Marcin; Schramm, Christoph; Franke, Andre",2019,2019-09,ALIMENTARY PHARMACOLOGY & THERAPEUTICS,10.1111/apt.15375,16S sequencing,,,,,,
Long-Term Fluctuation of Oral Biofilm Microbiota following Different Dietary Phases,"Anderson, Annette Carola; Rothballer, Michael; Altenburger, Markus Joerg; Woelber, Johan Peter; Karygianni, Lamprini; Vach, Kirstin; Hellwig, Elmar; Al-Ahmad, Ali",2020,2020-10,APPLIED AND ENVIRONMENTAL MICROBIOLOGY,10.1128/AEM.01421-20,16S sequencing,human oral,diet; disease; longitudinal,,,,
Consumption of Fermented Foods Is Associated with Systematic Differences in the Gut Microbiome and Metabolome,"Taylor, Bryn C.; Lejzerowicz, Franck; Poirel, Marion; Shaffer, Justin P.; Jiang, Lingjing; Aksenov, Alexander; Litwin, Nicole; Humphrey, Gregory; Martino, Cameron; Miller-Montgomery, Sandrine; Dorrestein, Pieter C.; Veiga, Patrick; Song, Se Jin; McDonald, Daniel; Derrien, Muriel; Knight, Rob",2020,2020-04,MSYSTEMS,10.1128/mSystems.00901-19,16S sequencing,human gut,fermentation,,,,
The feature of cervical microbiota associated with the progression of cervical cancer among reproductive females,"Wu, Sikao; Ding, Xuewen; Kong, Ying; Acharya, Sanam; Wu, Huaqian; Huang, Chunning; Liang, Yuanyuan; Nong, Xianxian; Chen, Hong",2021,2021-11,GYNECOLOGIC ONCOLOGY,10.1016/j.ygyno.2021.08.016,16S sequencing,human vagina,disease,,,,
Cloacal Swabs Are Unreliable Sources for Estimating Lower Gastro-Intestinal Tract Microbiota Membership and Structure in Broiler Chickens,"Williams, Travis; Athrey, Giridhar",2020,2020-05,MICROORGANISMS,10.3390/microorganisms8050718,16S sequencing,poultry gut,longitudinal,,,,
Gut Microbial Diversity in Antibiotic-Naive Children After Systemic Antibiotic Exposure: A Randomized Controlled Trial,"Doan, Thuy; Arzika, Ahmed M.; Ray, Kathryn J.; Cotter, Sun Y.; Kim, Jessica; Maliki, Ramatou; Zhong, Lina; Zhou, Zhaoxia; Porco, Travis C.; Vanderschelden, Benjamin; Keenan, Jeremy D.; Lietman, Thomas M.",2017,5/1/17,CLINICAL INFECTIOUS DISEASES,10.1093/cid/cix141,16S sequencing,human gut,antibiotics; treatment,,,,
"Gut dysbiosis in Huntington's disease: associations among gut microbiota, cognitive performance and clinical outcomes","Wasser, Cory, I; Mercieca, Emily-Clare; Kong, Geraldine; Hannan, Anthony J.; McKeown, Sonja J.; Glikmann-Johnston, Yifat; Stout, Julie C.",2020,2020,BRAIN COMMUNICATIONS,10.1093/braincomms/fcaa110,16S sequencing,human gut,disease,,unweighted UniFrac distance,,
Ultraviolet Irradiation of Skin Alters the Faecal Microbiome Independently of Vitamin D in Mice,"Ghaly, Simon; Kaakoush, Nadeem O.; Lloyd, Frances; Gordon, Lavinia; Forest, Cynthia; Lawrance, Ian C.; Hart, Prue H.",2018,2018-08,NUTRIENTS,10.3390/nu10081069,16S sequencing,rodent gut,disease,,,,
Association of Broiler Litter Microbiome Composition and Campylobacter Isolation,"Valeris-Chacin, Robert; Pieters, Maria; Hwang, Haejin; Johnson, Timothy J.; Singer, Randall S.",2021,5/24/21,FRONTIERS IN VETERINARY SCIENCE,10.3389/fvets.2021.654927,16S sequencing,poultry litter,disease,,,,
Survival ofEscherichia coliO157 in autoclaved and natural sandy soil mesocosms,"Baker, Christopher A.; Lee, Shinyoung; De, Jaysankar; Jeong, Kwangcheol C.; Schneider, Keith R.",2020,6/11/20,PLOS ONE,10.1371/journal.pone.0234562,16S sequencing,,,,,,
Bacterial Community Dynamics across the Gastrointestinal Tracts of Dairy Calves during Preweaning Development,"Dias, Juliana; Marcondes, Marcos Inacio; de Souza, Shirley Motta; da Mata e Silva, Barbara Cardoso; Noronha, Melline Fontes; Resende, Rafael Tassinari; Machado, Fernanda Samarini; Mantovani, Hilario Cuquetto; Dill-McFarland, Kimberly A.; Suen, Garret",2018,2018-05,APPLIED AND ENVIRONMENTAL MICROBIOLOGY,10.1128/AEM.02675-17,16S sequencing,cattle rumen,,,,,
The Composition and Functional Capacities of Saliva Microbiota Differ Between Children With Low and High Sweet Treat Consumption,"Lommi, Sohvi; Manzoor, Muhammed; Engberg, Elina; Agrawal, Nitin; Lakka, Timo A.; Leinonen, Jukka; Kolho, Kaija-Leena; Viljakainen, Heli",2022,4/25/22,FRONTIERS IN NUTRITION,10.3389/fnut.2022.864687,16S sequencing,human oral,diet; disease,,,,
Age-Related Differences in the Gut Microbiome of Rhesus Macaques,"Adriansjach, Julie; Baum, Scott T.; Lefkowitz, Elliot J.; Van der Pol, William J.; Buford, Thomas W.; Colman, Ricki J.",2020,2020-07,JOURNALS OF GERONTOLOGY SERIES A-BIOLOGICAL SCIENCES AND MEDICAL SCIENCES,10.1093/gerona/glaa048,16S sequencing,primate gut,age,,,,
Gut bacterial community profile in Pacific white shrimpLitopenaeus vannameifollowing 5-aminolevulinic acid supplementation,"Pedrosa-Gerasmio, Ivane R.; Nozaki, Reiko; Kondo, Hidehiro; Hirono, Ikuo",2020,2020-10,AQUACULTURE RESEARCH,10.1111/are.14750,16S sequencing,shrimp gut,treatment,,,,
Time Series Analysis of the Microbiota of Children Suffering From Acute Infectious Diarrhea and Their Recovery After Treatment,"Dinleyici, Ener C.; Martinez-Martinez, Daniel; Kara, Ates; Karbuz, Adem; Dalgic, Nazan; Metin, Ozge; Yazar, Ahmet S.; Guven, Sirin; Kurugol, Zafer; Turel, Ozden; Kucukkoc, Mehmet; Yasa, Olcay; Eren, Makbule; Ozen, Metehan; Manuel Marti, Jose; Garay, Carlos P.; Vandenplas, Yvan; Moya, Andres",2018,6/12/18,FRONTIERS IN MICROBIOLOGY,10.3389/fmicb.2018.01230,16S sequencing,human gut,disease; longitudinal,,,,
Feasibility of fecal microbiota transplantation via oral gavage to safely alter gut microbiome composition in marmosets,"Ross, Corinna N.; Reveles, Kelly R.",2020,2020-12,AMERICAN JOURNAL OF PRIMATOLOGY,10.1002/ajp.23196,16S sequencing,primate gut,treatment,,,,
Essential Hypertension Is Associated With Changes in Gut Microbial Metabolic Pathways A Multisite Analysis of Ambulatory Blood Pressure,"Nakai, Michael; Ribeiro, Rosilene V.; Stevens, Bruce R.; Gill, Paul; Muralitharan, Rikeish R.; Yiallourou, Stephanie; Muir, Jane; Carrington, Melinda; Head, Geoffrey A.; Kaye, David M.; Marques, Francine Z.",2021,2021-09,HYPERTENSION,10.1161/HYPERTENSIONAHA.121.17288,16S sequencing,human gut,disease,,,,
Gut microbiota composition associated with alterations in cardiorespiratory fitness and psychosocial outcomes among breast cancer survivors,"Paulsen, Jesseca A.; Ptacek, Travis S.; Carter, Stephen J.; Liu, Nianjun; Kumar, Ranjit; Hyndman, LaKeshia; Lefkowitz, Elliot J.; Morrow, Casey D.; Rogers, Laura Q.",2017,2017-05,SUPPORTIVE CARE IN CANCER,10.1007/s00520-016-3568-5,16S sequencing,human gut,disease,,,,
Gut microbial dysbiosis is associated with development and progression of radiation enteritis during pelvic radiotherapy,"Wang, Zhongqiu; Wang, Qingxin; Wang, Xia; Zhu, Li; Chen, Jie; Zhang, Bailin; Chen, Ye; Yuan, Zhiyong",2019,2019-05,JOURNAL OF CELLULAR AND MOLECULAR MEDICINE,10.1111/jcmm.14289,16S sequencing,human gut,disease; treatment,,,,
Patient propagules: Do soil archives preserve the legacy of fungal and prokaryotic communities?,"Benucci, Gian Maria Niccolo; Rennick, Bryan; Bonito, Gregory",2020,8/11/20,PLOS ONE,10.1371/journal.pone.0237368,16S sequencing,,,,,,
Differences in Temperature and Water Chemistry Shape Distinct Diversity Patterns in Thermophilic Microbial Communities,"Chiriac, Cecilia M.; Szekeres, Edina; Rudi, Knut; Baricz, Andreea; Hegedus, Adriana; Dragos, Nicolae; Coman, Cristian",2017,2017-11,APPLIED AND ENVIRONMENTAL MICROBIOLOGY,10.1128/AEM.01363-17,16S sequencing,water,,,,,
Soil Bacterial Communities and Diversity in Alpine Grasslands on the Tibetan Plateau Based on 16S rRNA Gene Sequencing,"Jiang, Hongmao; Chen, Youchao; Hu, Yang; Wang, Ziwei; Lu, Xuyang",2021,2/16/21,FRONTIERS IN ECOLOGY AND EVOLUTION,10.3389/fevo.2021.630722,16S sequencing,soil,,,,,
Bacterial Community Composition and Dynamics Spanning Five Years in Freshwater Bog Lakes,"Linz, Alexandra M.; Crary, Benjamin C.; Shade, Ashley; Owens, Sarah; Gilbert, Jack A.; Knight, Rob; McMahon, Katherine D.",2017,2017-06,MSPHERE,10.1128/mSphere.00169-17,16S sequencing,water,longitudinal,,,,
Gut microbial composition difference between pediatric ALL survivors and siblings,"Thomas, Ronay; Wong, Wendy S. W.; Saadon, Reem; Vilboux, Thierry; Deeken, John; Niederhuber, John; Hourigan, Suchitra K.; Yang, Elizabeth",2020,8/17/20,PEDIATRIC HEMATOLOGY AND ONCOLOGY,10.1080/08880018.2020.1759740,16S sequencing,human gut,disease,,,,
Phytobiomes are compositionally nested from the ground up,"Amend, Anthony S.; Cobian, Gerald M.; Laruson, Aki J.; Remple, Kristina; Tucker, Sarah J.; Poff, Kirsten E.; Antaky, Carmen; Boraks, Andre; Jones, Casey A.; Kuehu, Donna; Lensing, Becca R.; Pejhanmehr, Mersedeh; Richardson, Daniel T.; Riley, Paul P.",2019,3/18/19,PEERJ,10.7717/peerj.6609,16S sequencing,plant,environmental,,,,
Characterization of Gut Microbiome in Korean Patients with Metabolic Associated Fatty Liver Disease,"Oh, Joo Hyun; Lee, Je Hee; Cho, Min Seok; Kim, Hyeree; Chun, Jongsik; Lee, Joon Hyeok; Yoon, Yeup; Kang, Wonseok",2021,2021-03,NUTRIENTS,10.3390/nu13031013,16S sequencing,human gut,disease,,,,
PROVIT: Supplementary Probiotic Treatment and Vitamin B7 in Depression-A Randomized Controlled Trial,"Reininghaus, Eva Z.; Platzer, Martina; Kohlhammer-Dohr, Alexandra; Hamm, Carlo; Morkl, Sabrina; Bengesser, Susanne A.; Fellendorf, Frederike T.; Lahousen-Luxenberger, Theressa; Leitner-Afschar, Birgitta; Schoggl, Helmut; Amberger-Otti, Daniela; Wurm, Walter; Queissner, Robert; Birner, Armin; Falzberger, Valerie S.; Painold, Annamaria; Fitz, Werner; Brunnmayr, Martina; Rieger, Alexandra; Wagner-Skacel, Jolana; Maget, Alexander; Unterweger, Renate; Schwalsberger, Karin; Reininghaus, Bernd; Lenger, Melanie; Bastiaanssen, Thomaz F. S.; Dalkner, Nina",2020,2020-11,NUTRIENTS,10.3390/nu12113422,16S sequencing,human gut,disease; disorder; gut-brain axis; probiotics; treatment,,,,
Gut Microbiomes of Endangered Przewalski's Horse Populations in Short- and Long-Term Captivity: Implication for Species Reintroduction Based on the Soft-Release Strategy,"Tang, Liping; Li, Yimeng; Srivathsan, Amrita; Gao, Yunyun; Li, Kai; Hu, Defu; Zhang, Dong",2020,3/12/20,FRONTIERS IN MICROBIOLOGY,10.3389/fmicb.2020.00363,16S sequencing; shotgun sequencing,horse gut,treatment,,,,
Gut microbiomes of bigheaded carps and hybrids provide insights into invasion: A hologenome perspective,"Zhu, Lifeng; Zhang, Zheng; Chen, Hua; Lamer, James T.; Wang, Jun; Wei, Wenzhi; Fu, Lixia; Tang, Minghu; Wang, Chenghui; Lu, Guoqing",2021,2021-03,EVOLUTIONARY APPLICATIONS,10.1111/eva.13152,16S sequencing,fish gut,diet,,,,
Changes in Bacterial Communities During Treatment of Municipal Wastewater in Arctic Wastewater Stabilization Ponds,"Huang, Yannan; Ragush, Colin M.; Johnston, Lindsay H.; Hall, Michael W.; Beiko, Robert G.; Jamieson, Rob C.; Hansen, Lisbeth Truelstrup",2021,8/20/21,FRONTIERS IN WATER,10.3389/frwa.2021.710853,16S sequencing,water,environmental; temperature; treatment,,,,
Comparing Gut Microbiome in Mothers' Own Breast Milk- and Formula-Fed Moderate-Late Preterm Infants,"Wang, Ziyi; Neupane, Achal; Vo, Richard; White, Jessica; Wang, Xiuqing; Marzano, Shin-Yi Lee",2020,5/26/20,FRONTIERS IN MICROBIOLOGY,10.3389/fmicb.2020.00891,16S sequencing,human gut,treatment,,,,
Characterization of captive and wild 13-lined ground squirrel cecal microbiotas using Illumina-based sequencing,"Chiang, Edna; Deblois, Courtney L.; Carey, Hannah V.; Suen, Garret",2022,1/3/22,ANIMAL MICROBIOME,10.1186/s42523-021-00154-9,16S sequencing,squirrel gut,longitudinal,,,,
Diet contributes to urban-induced alterations in gut microbiota: experimental evidence from a wild passerine,"Teyssier, Aimeric; Matthysen, Erik; Hudin, Noraine Salleh; de Neve, Liesbeth; White, Joel; Lens, Luc",2020,2/12/20,PROCEEDINGS OF THE ROYAL SOCIETY B-BIOLOGICAL SCIENCES,10.1098/rspb.2019.2182,16S sequencing,bird gut,environmental,,,,
Vaginal bacterial community composition and concentrations of estradiol at the time of artificial insemination in Brangus heifers,"Messman, Riley D.; Contreras-Correa, Zully E.; Paz, Henry A.; Perry, George; Lemley, Caleb O.",2020,2020-06,JOURNAL OF ANIMAL SCIENCE,10.1093/jas/skaa178,16S sequencing,cattle vagina,treatment,,,,
High Salinity Inhibits Soil Bacterial Community Mediating Nitrogen Cycling,"Li, Xiang; Wang, Achen; Wan, Wenjie; Luo, Xuesong; Zheng, Liuxia; He, Guangwen; Huang, Daqing; Chen, Wenli; Huang, Qiaoyun",2021,2021-11,APPLIED AND ENVIRONMENTAL MICROBIOLOGY,10.1128/AEM.01366-21,16S sequencing,soil,salinity,,,,
Variation in oral microbiome is associated with future risk of lung cancer among never-smokers,"Hosgood, H. Dean; Cai, Qiuyin; Hua, Xing; Long, Jirong; Shi, Jianxin; Wan, Yunhu; Yang, Yaohua; Abnet, Christian; Bassig, Bryan A.; Hu, Wei; Ji, Bu-Tian; Klugman, Madelyn; Xiang, Yongbing; Gao, Yu-Tang; Wong, Jason Y. Y.; Zheng, Wei; Rothman, Nathaniel; Shu, Xiao-Ou; Lan, Qing",2021,2021-03,THORAX,10.1136/thoraxjnl-2020-215542,shotgun sequencing,,disease,,,,
Antibiotic Treatments for &ITClostridium difficile&IT Infection Are Associated with Distinct Bacterial and Fungal Community Structures,"Lamendella, Regina; Wright, Justin R.; Hackman, Jada; McLimans, Christopher; Toole, David R.; Rubio, William Bernard; Drucker, Rebecca; Wong, Hoi Tong; Sabey, Kate; Hegarty, John P.; Stewart, David B., Sr.",2018,2018-02,MSPHERE,10.1128/mSphere.00572-17,16S sequencing,human gut,antibiotics; disease,,,,
Gut Microbiome and Serum Metabolome Alterations Associated with Isolated Dystonia,"Ma, Lingyan; Keng, Jing; Cheng, Min; Pan, Hua; Feng, Bo; Hu, Yongfeng; Feng, Tao; Yang, Fan",2021,2021-08,MSPHERE,10.1128/mSphere.00283-21,16S sequencing,human gut,disease,,,,
Comparison of Fecal Collection Methods for Microbiome and Metabolomics Studies,"Wang, Zheng; Zolnik, Christine P.; Qiu, Yunping; Usyk, Mykhaylo; Wang, Tao; Strickler, Howard D.; Isasi, Carmen R.; Kaplan, Robert C.; Kurland, Irwin J.; Qi, Qibin; Burk, Robert D.",2018,8/28/18,FRONTIERS IN CELLULAR AND INFECTION MICROBIOLOGY,10.3389/fcimb.2018.00301,16S sequencing,human gut,sampling methods,,,,
The fecal microbiome and metabolome differs between dogs fed Bones and Raw Food (BARF) diets and dogs fed commercial diets,"Schmidt, Milena; Unterer, Stefan; Suchodolski, Jan S.; Honneffer, Julia B.; Guard, Blake C.; Lidbury, Jonathan A.; Steiner, Jorg M.; Fritz, Julia; Koelle, Petra",2018,8/15/18,PLOS ONE,10.1371/journal.pone.0201279,16S sequencing,,,,,,
Bacterial diversity and predicted enzymatic function in a multipurpose surface water system - from wastewater effluent discharges to drinking water production,"Tiwari, Ananda; Hokajarvi, Anna-Maria; Santo Domingo, Jorge; Elk, Michael; Jayaprakash, Balamuralikrishna; Ryu, Hodon; Siponen, Sallamaari; Vepsalainen, Asko; Kauppinen, Ari; Puurunen, Osmo; Artimo, Aki; Perkola, Noora; Huttula, Timo; Miettinen, Ilkka T.; Pitkanen, Tarja",2021,5/22/21,ENVIRONMENTAL MICROBIOME,10.1186/s40793-021-00379-w,16S sequencing,water,seasons,,,,
Effect of live yeast Saccharomyces cerevisiae supplementation on the performance and cecum microbial profile of suckling piglets,"Kiros, Tadele G.; Luise, Diana; Derakhshani, Hooman; Petri, Renee; Trevisi, Paolo; D'Inca, Romain; Auclair, Eric; van Kessel, Andrew G.",2019,7/22/19,PLOS ONE,10.1371/journal.pone.0219557,16S sequencing,,,,,,
Temporal Variability of Oral Microbiota Over 10 Months and the Implications for Future Epidemiologic Studies,"Vogtmann, Emily; Hua, Xing; Zhou, Liang; Wan, Yunhu; Suman, Shalabh; Zhu, Bin; Dagnall, Casey L.; Hutchinson, Amy; Jones, Kristine; Hicks, Belynda D.; Sinha, Rashmi; Shi, Jianxin; Abnet, Christian C.",2018,2018-05,CANCER EPIDEMIOLOGY BIOMARKERS & PREVENTION,10.1158/1055-9965.EPI-17-1004,16S sequencing,,,,,,
Effects of Aleurone Supplementation on Glucose-Insulin Metabolism and Gut Microbiome in Untrained Healthy Horses,"Boshuizen, Berit; de Vega, Carmen Vidal Moreno; De Mare, Lorie; de Meeus, Constance; de Oliveira, Jean Eduardo; Hosotani, Guilherme; Gansemans, Yannick; Deforce, Dieter; Van Nieuwerburgh, Filip; Delesalle, Catherine",2021,4/12/21,FRONTIERS IN VETERINARY SCIENCE,10.3389/fvets.2021.642809,16S sequencing,horse gut,prebiotics,,,,
Trans-ethnic gut microbiota signatures of type 2 diabetes in Denmark and India,"Alvarez-Silva, Camila; Kashani, Alireza; Hansen, Tue Haldor; Pinna, Nishal Kumar; Anjana, Ranjit Mohan; Dutta, Anirban; Saxena, Shruti; Stoy, Julie; Kampmann, Ulla; Nielsen, Trine; Jorgensen, Torben; Gnanaprakash, Visvanathan; Gnanavadivel, Rameshkumar; Sukumaran, Aswath; Rani, Coimbatore Subramanian Shanthi; Faerch, Kristine; Radha, Venkatesan; Balasubramanyam, Muthuswamy; Nair, Gopinath Balakrish; Das, Bhabatosh; Vestergaard, Henrik; Hansen, Torben; Mande, Sharmila Shekhar; Mohan, Viswanathan; Arumugam, Manimozhiyan; Pedersen, Oluf",2021,3/3/21,GENOME MEDICINE,10.1186/s13073-021-00856-4,16S sequencing,human gut,disease; geography,,,,
A new perspective on studying burial environment before archaeological excavation: analyzing bacterial community distribution by high-throughput sequencing,"Xu, Jinjin; Wei, Yanfei; Jia, Hanqing; Xiao, Lin; Gong, Decai",2017,2/7/17,SCIENTIFIC REPORTS,10.1038/srep41691,16S sequencing,,,,,,
Feeding Pre-weaned Calves With Waste Milk Containing Antibiotic Residues Is Related to a Higher Incidence of Diarrhea and Alterations in the Fecal Microbiota,"Penati, Martina; Sala, Giulia; Biscarini, Filippo; Boccardo, Antonio; Bronzo, Valerio; Castiglioni, Bianca; Cremonesi, Paola; Moroni, Paolo; Pravettoni, Davide; Addis, Maria Filippa",2021,7/8/21,FRONTIERS IN VETERINARY SCIENCE,10.3389/fvets.2021.650150,16S sequencing,cattle gut,antibiotics; disease,,,,
Effect of oral administration of omeprazole on the microbiota of the gastric glandular mucosa and feces of healthy horses,"Cerri, Simona; Taminiau, Bernard; de Lusancay, Alexandra Hache-Carre; Lecoq, Laureline; Amory, Helene; Daube, Georges; Cesarini, Carla",2020,2020-11,JOURNAL OF VETERINARY INTERNAL MEDICINE,10.1111/jvim.15937,16S sequencing,horse gut,longitudinal,,,,
Dynamic construction of gut microbiota may influence allergic diseases of infants in Southwest China,"Shen, Xi; Wang, Maolin; Zhang, Xiao; He, Miao; Li, Ming; Cheng, Guo; Wan, Chaomin; He, Fang",2019,6/10/19,BMC MICROBIOLOGY,10.1186/s12866-019-1489-4,16S sequencing,human gut,allergies,,,,
Supplementation of triple viable probiotics combined with dietary intervention is associated with gut microbial improvement in humans on a high-fat diet,"Qian, Leimin; Gao, Renyuan; Huang, Jianming; Qin, Huanlong",2019,2019-09,EXPERIMENTAL AND THERAPEUTIC MEDICINE,10.3892/etm.2019.7801,16S sequencing,human gut,diet; probiotics,,,,
Altered Gut Microbiota Composition in Subjects Infected With Clonorchis sinensis,"Xu, Meng; Jiang, Zhihua; Huang, Wen; Yin, Jianhai; Ou, Shen; Jiang, Yanyan; Meng, Liyu; Cao, Shengkui; Yu, Aiping; Cao, Jianping; Shen, Yujuan",2018,9/28/18,FRONTIERS IN MICROBIOLOGY,10.3389/fmicb.2018.02292,16S sequencing,human gut,disease,,,,
Rumen Microbiota Distribution Analyzed by High-Throughput Sequencing After Oral Doxycycline Administration in Beef Cattle,"Chen, Fengmei; Cheng, Guangmin; Xu, Yulin; Wang, Yunzhou; Xia, Qingxiang; Hu, Shilin",2020,6/2/20,FRONTIERS IN VETERINARY SCIENCE,10.3389/fvets.2020.00251,16S sequencing,cattle rumen,antibiotics,,,,
Evolution of gut microbial community through reproductive life in female rabbits and investigation of the link with offspring survival,"Savietto, D.; Paes, C.; Cauquil, L.; Fortun-Lamothe, L.; Combes, S.",2020,2020-11,ANIMAL,10.1017/S1751731120001305,16S sequencing,rabbit gut,,,,,
"Demodex Infection Changes Ocular Surface Microbial Communities, in Which Meibomian Gland Dysfunction May Play a Role","Liang, Xiaotian; Li, Yingli; Xiong, Ke; Chen, Shuze; Li, Zhenhao; Zhang, Zhihan; Xia, Zhaoxia; Yi, Guoguo; Fu, Min",2021,2021-09,OPHTHALMOLOGY AND THERAPY,10.1007/s40123-021-00356-z,16S sequencing,human ocular,medical condition,,,,
Microbiome of a Reef-Building Coral Displays Signs of Acclimation to a Stressful Shallow Hydrothermal Vent Habitat,"Reigel, Alicia M.; Paz-Garcia, David A.; Hellberg, Michael E.",2021,9/15/21,FRONTIERS IN MARINE SCIENCE,10.3389/fmars.2021.652633,16S sequencing,coral,,,,,
The P4 Study: Postpartum Maternal and Infant Faecal Microbiome 6 Months After Hypertensive Versus Normotensive Pregnancy,"Susic, Daniella Frances; Wang, Leanne; Roberts, Lynne Margaret; Bai, Michelle; Gia, Andrew; McGovern, Emily; Jiang, Xiao-Tao; Davis, Gregory K.; El-Omar, Emad; Henry, Amanda",2022,1/31/22,FRONTIERS IN CELLULAR AND INFECTION MICROBIOLOGY,10.3389/fcimb.2022.646165,16S sequencing,human gut,disease,,,,
Bacterial succession and functional diversity during vermicomposting of the white grape marc Vitis vinifera v. Albarino,"Kolbe, Allison R.; Aira, Manuel; Gomez-Brandon, Maria; Perez-Losada, Marcos; Dominguez, Jorge",2019,5/16/19,SCIENTIFIC REPORTS,10.1038/s41598-019-43907-y,16S sequencing,,,,,,
Gut dysbiosis is prevailing in Sjogren's syndrome and is related to dry eye severity,"Moon, Jayoon; Choi, Se Hyun; Yoon, Chang Ho; Kim, Mee Kum",2020,2/14/20,PLOS ONE,10.1371/journal.pone.0229029,16S sequencing,,,,,,
Comparative analysis of gut microbial composition and potential functions in captive forest and alpine musk deer,"Jiang, Feng; Song, Pengfei; Wang, Haijing; Zhang, Jingjie; Liu, Daoxin; Cai, Zhenyuan; Gao, Hongmei; Chi, Xiangwen; Zhang, Tongzuo",2022,2022-02,APPLIED MICROBIOLOGY AND BIOTECHNOLOGY,10.1007/s00253-022-11775-8,16S sequencing,deer gut,disease,,,,
Developmental effects on sleep-wake patterns in infants receiving a cow's milk-based infant formula with an added prebiotic blend: a Randomized Controlled Trial,"Colombo, John; Carlson, Susan E.; Algarin, Cecilia; Reyes, Sussanne; Chichlowski, Maciej; Harris, Cheryl L.; Wampler, Jennifer L.; Peirano, Patricio; Berseth, Carol Lynn",2021,2021-04,PEDIATRIC RESEARCH,10.1038/s41390-020-1044-x,16S sequencing,,,,,,
Association Between the Gut Microbiota and Blood Pressure in a Population Cohort of 6953 Individuals,"Palmu, Joonatan; Salosensaari, Aaro; Havulinna, Aki S.; Cheng, Susan; Inouye, Michael; Jain, Mohit; Salido, Rodolfo A.; Sanders, Karenina; Brennan, Caitriona; Humphrey, Gregory C.; Sanders, Jon G.; Vartiainen, Erkki; Laatikainen, Tiina; Jousilahti, Pekka; Salomaa, Veikko; Knight, Rob; Lahti, Leo; Niiranen, Teemu J.",2020,8/4/20,JOURNAL OF THE AMERICAN HEART ASSOCIATION,10.1161/JAHA.120.016641,shotgun sequencing,human gut,diet; medical condition,,,,
Reproducibility of assessing fecal microbiota in chronic constipation,"Parthasarathy, G.; Chen, J.; Chia, N.; O'Connor, H. M.; Gaskins, H. R.; Bharucha, A. E.",2017,2017-10,NEUROGASTROENTEROLOGY AND MOTILITY,10.1111/nmo.13172,16S sequencing,human gut,disease; treatment,,,,
"Stability of the vaginal, oral, and gut microbiota across pregnancy among African American women: the effect of socioeconomic status and antibiotic exposure","Dunlop, Anne L.; Knight, Anna K.; Sawn, Glen A.; Cutler, Anya J.; Wright, Michelle L.; Mitchell, Rebecca M.; Read, Timothy D.; Mulle, Jennifer; Hertzberg, Vicki S.; Hill, Cherie C.; Smith, Alicia K.; Corwin, Elizabeth J.",2019,11/21/19,PEERJ,10.7717/peerj.8004,16S sequencing,human gut; human oral; human vagina,socioeconomic,,,,
Characterizing the gut microbiota in females with infertility and preliminary results of a water-soluble dietary fiber intervention study,"Komiya, Shinnosuke; Naito, Yuji; Okada, Hidetaka; Matsuo, Yoshiyuki; Hirota, Kiichi; Takagi, Tomohisa; Mizushima, Katsura; Inoue, Ryo; Abe, Aya; Morimoto, Yoshiharu",2020,2020-07,JOURNAL OF CLINICAL BIOCHEMISTRY AND NUTRITION,10.3164/jcbn.20-53,16S sequencing,human gut,diet,,,,
"The Effects of Nisin-Producing Lactococcus lactis Strain Used as Probiotic on Gilthead Sea Bream (Sparus aurata) Growth, Gut Microbiota, and Transcriptional Response","Moroni, Federico; Naya-Catala, Fernando; Piazzon, M. Carla; Rimoldi, Simona; Calduch-Giner, Josep; Giardini, Alberto; Martinez, Ines; Brambilla, Fabio; Perez-Sanchez, Jaume; Terova, Genciana",2021,4/12/21,FRONTIERS IN MARINE SCIENCE,10.3389/fmars.2021.659519,16S sequencing,,diet; probiotics,,,,
Randomized Controlled Trial of Oral Vancomycin Treatment in Clostridioides difficile-Colonized Patients,"Fishbein, Skye R. S.; Hink, Tiffany; Reske, Kimberly A.; Cass, Candice; Struttmann, Emily; Iqbal, Zainab Hassan; Seiler, Sondra; Kwon, Jennie H.; Burnham, Carey-Ann D.; Dantas, Gautam; Dubberke, Erik R.",2021,2021-02,MSPHERE,10.1128/mSphere.00936-20,shotgun sequencing,human gut,disease; treatment,,,,
Early-Life Iron Deficiency and Subsequent Repletion Alters Development of the Colonic Microbiota in the Pig,"Knight, Laura C.; Wang, Mei; Donovan, Sharon M.; Dilger, Ryan N.",2019,8/7/19,FRONTIERS IN NUTRITION,10.3389/fnut.2019.00120,16S sequencing,pig gut,diet; disorder,,,,
Exposure to the environmental pollutant ammonia causes changes in gut microbiota and inflammatory markers in fattening pigs,"Li, Yutao; Zhang, Runxiang; Li, Xiang; Li, Jianhong; Ji, Wenbo; Zeng, Xiangyin; Bao, Jun",2021,1/15/21,ECOTOXICOLOGY AND ENVIRONMENTAL SAFETY,10.1016/j.ecoenv.2020.111564,16S sequencing,pig gut,environmental,,,,
Analysis of the fecal microbiota of fast- and slow-growing rainbow trout (Oncorhynchus mykiss),"Chapagain, Pratima; Arivett, Brock; Cleveland, Beth M.; Walker, Donald M.; Salem, Mohamed",2019,10/29/19,BMC GENOMICS,10.1186/s12864-019-6175-2,16S sequencing,fish gut,growth,,,,